{
    "frames_num": [
        15,
        32,
        55,
        88,
        129,
        181,
        243,
        316,
        401,
        498,
        609,
        733,
        871,
        1024,
        1191,
        1374,
        1573,
        1788,
        2020,
        2270,
        2536,
        2821
    ],
    "dt": [
        0.6347,
        0.28664,
        0.16455,
        0.10214,
        0.06942,
        0.04937,
        0.03672,
        0.02821,
        0.02221,
        0.01788,
        0.01461,
        0.01214,
        0.01021,
        0.00869,
        0.00747,
        0.00647,
        0.00565,
        0.00497,
        0.0044,
        0.00392,
        0.00351,
        0.00315
    ],
    "l_rest": 10,
    "k": 4,
    "mass": 1,
    "omega": 2.8284271247461903,
    "osc_num": 3,
    "first_is_open": false,
    "last_is_open": false
}